"mfl_id","player_name","gsis_id","team","pfr_id"
9706,"Chase Daniel","00-0026544","FA","DaniCh00"
9714,"Brian Hoyer","00-0026625","LVR","HoyeBr00"
10514,"Nick Bellore","00-0028292","SEA","BellNi01"
10554,"Mario Addison","00-0028339","FA","AddiMa00"
10592,"Chris Harris","00-0028224","FA","HarrCh01"
10653,"Josh Bynes","00-0028278","FA","ByneJo00"
10779,"Janoris Jenkins","00-0029681","FA",NA
10948,"Case Keenum","00-0028986","HOU","KeenCa00"
10960,"Josh Gordon","00-0029664","FA","GordJo02"
11010,"Tashaun Gipson","00-0028924","SFO","GipsTa00"
11017,"Rodney McLeod","00-0028899","CLE","McLeRo00"
11299,"Jon Bostic","00-0030064","FA","BostJo00"
11327,"Tony Jefferson","00-0030294","FA","JeffTo00"
11532,"Chris Banjo","00-0029747","FA","BanjCh00"
11555,"Cody Davis","00-0029764","NEP","DaviCo02"
11613,"Michael Thomas","00-0028908","CIN","ThomMi02"
11724,"Christian Jones","00-0031130","FA","JoneCh05"
11956,"Daniel Sorensen","00-0030665","FA","SoreDa01"
11970,"Mike Pennel","00-0030757","FA","PennMi00"
12015,"KWaun Williams","00-0031253","DEN","WillKW00"
12040,"Keith Smith","00-0030968","ATL","SmitKe03"
12075,"Shaquil Barrett","00-0031101","TBB","BarrSh00"
12083,"Denico Autry","00-0031254","TEN","AutrDe00"
12088,"Adrian Phillips","00-0031404","NEP","PhilAd00"
12126,"Mike Purcell","00-0029890","DEN","PurcMi00"
12241,"Alexander Johnson","00-0034887","FA","JohnAl01"
12252,"Anthony Harris","00-0031799","FA","HarrAn01"
12474,"TY McGill","00-0032162","SFO","McGiT.00"
12481,"Neville Hewitt","00-0031740","HOU","HewiNe00"
12486,"Dean Marlowe","00-0031870","BUF","MarlDe00"
12489,"Brandon Copeland","00-0030010","FA","CopeBr00"
12506,"Bryce Callahan","00-0031904","FA","CallBr00"
12523,"Justin Coleman","00-0031796","FA","ColeJu01"
12525,"Joe Thomas","00-0030761","FA","ThomJo04"
12589,"Troy Hill","00-0031785","FA","HillTr01"
12608,"James Winchester","00-0030615","KCC","WincJa00"
12665,"Geronimo Allison","00-0032626","FA","AlliGe01"
12797,"Matt Ioannidis","00-0032781","FA","IoanMa01"
12888,"Justin Zimmer","00-0032518","FA","ZimmJu00"
12910,"Erik Harris","00-0032320","FA","HarrEr00"
12912,"Jalen Richard","00-0033025","FA","RichJa01"
12948,"Romeo Okwara","00-0032655","DET","OkwaRo01"
12952,"Michael Pierce","00-0032574","BAL","PierMi00"
12964,"Brennan Scarlett","00-0032734","FA","ScarBr00"
12976,"Antonio Hamilton","00-0032933","ARI","HamiAn01"
12978,"CJ Goodwin","00-0031357","DAL","GoodC.00"
12979,"DeShawn Williams","00-0031795","CAR","WillDe04"
12985,"Cory Littleton","00-0032677","HOU","LittCo01"
12987,"Kerry Hyder","00-0030946","SFO","HydeKe01"
12988,"Jonathan Jones","00-0032580","NEP","JoneJo03"
12990,"Matthias Farley","00-0032496","FA","FarlMa00"
12998,"Andrew Adams","00-0032637","FA","AdamAn00"
13085,"Morgan Fox","00-0032671","LAC","FoxxMo00"
13100,"Antwaun Woods","00-0032871","FA","WoodAn02"
13124,"Cooper Rush","00-0033662","DAL","RushCo00"
13372,"Tanner Gentry","00-0033633","FA","GentTa00"
13375,"Victor Bolden","00-0033306","FA","BoldVi00"
13388,"Harvey Langi","00-0033392","FA","LangHa00"
13407,"Breon Borders","00-0033435","ATL","BordBr00"
13414,"Mike Hilton","00-0032521","CIN","HiltMi01"
13423,"Dylan Cole","00-0033765","CHI","ColeDy00"
13426,"Nicholas Morrow","00-0033445","PHI","MorrNi00"
13434,"Roy Robertson-Harris","00-0032667","JAC","RobeRo00"
13447,"Eric Wilson","00-0033336","GBP","WilsEr00"
13456,"Greg Mabin","00-0033430","CAR","MabiGr00"
13460,"Eli Ankou","00-0033598","BUF","AnkoEl00"
13468,"Charles Washington","00-0032560","FA","WashCh01"
13470,"Kenny Moore","00-0033393","IND","MoorKe03"
13479,"Michael Davis","00-0033697","LAC","DaviMi03"
13491,"Justin Hardee","00-0033770","NYJ","HardJu01"
13537,"Tashawn Bower","00-0033324","NYG","BoweTa00"
13543,"Joseph Jones","00-0033659","FA","JoneJo05"
13547,"Arthur Maulet","00-0033503","BAL","MaulAr00"
13669,"Malik Turner","00-0034867","IND","TurnMa00"
13711,"Levi Wallace","00-0034514","PIT","WallLe00"
13851,"Cody Hollister","00-0033386","TEN","HollCo00"
13862,"River Cracraft","00-0034054","MIA","CracRi00"
13868,"Mike Boone","00-0034208","HOU","BoonMi00"
13871,"Dontrell Hilliard","00-0034253","FA","HillDo00"
13873,"Tim Boyle","00-0034177","NYJ","BoylTi00"
13879,"Kyle Allen","00-0034577","BUF","AlleKy00"
13882,"Keith Kirkwood","00-0034317","NOS","KirkKe00"
13884,"Vyncint Smith","00-0034631","IND","SmitVy00"
13888,"Dennis Gardeck","00-0034473","ARI","GardDe01"
13906,"Jason Cabinda","00-0034171","DET","CabiJa00"
13910,"Brandon Powell","00-0034646","MIN","PoweBr00"
13913,"Ben Niemann","00-0034296","TEN","NiemBe00"
13914,"Tre Herndon","00-0034516","JAC","HernTr00"
13915,"Austin Calitro","00-0033452","FA","CaliAu00"
13917,"JC Jackson","00-0034591","LAC","JackJ.00"
13918,"Danny Johnson","00-0034071","WAS","JohnDa09"
13920,"Charvarius Ward","00-0034573","SFO","WardCh01"
13923,"Ola Adeniyi","00-0034204","FA","AdenOl00"
13926,"Chris Board","00-0034787","NEP","BoarCh00"
13927,"Matt Dickerson","00-0034657","KCC","DickMa00"
13929,"Efe Obada","00-0031500","WAS","ObadEf00"
13930,"Ezekiel Turner","00-0034490","ARI","TurnZe00"
13933,"Poona Ford","00-0034234","BUF","FordPo00"
13934,"Brandon Facyson","00-0034545","LVR","FacyBr00"
13939,"George Odum","00-0034091","SFO","OdumGe00"
13941,"Taylor Stallworth","00-0034325","CAR","StalTa00"
13942,"JT Gray","00-0034116","NOS","GrayJ.00"
13943,"Tae Davis","00-0034500","ATL","DaviTa00"
13952,"Frankie Luvu","00-0034302","CAR","LuvuFr00"
13953,"Tavierre Thomas","00-0034488","HOU","ThomTa01"
13955,"AJ Moore","00-0034594","TEN","MoorA.00"
13956,"Sean Chandler","00-0034496","FA","ChanSe00"
13959,"Darious Williams","00-0034203","JAC","WillDa09"
13963,"KhaDarel Hodge","00-0034854","ATL","HodgKh00"
13965,"Josh Tupou","00-0033347","CIN","TupoJo00"
13970,"Tony Brown","00-0034540","IND","BrowTo01"
13987,"Robert Spillane","00-0034720","LVR","SpilRo00"
13996,"Grant Haley","00-0034502","FA","HaleGr00"
13998,"Emmanuel Moseley","00-0034096","DET","MoseEm00"
14012,"Mike Ford","00-0034639","CLE","FordMi01"
14013,"Chandon Sullivan","00-0034468","PIT","SullCh00"
14024,"Dee Delaney","00-0034515","TBB","DelaDe00"
14026,"Joshua Kalu","00-0034662","WAS","KaluJo00"
14028,"Ryan Neal","00-0034527","TBB","NealRy00"
14037,"Jalen Davis","00-0034446","CIN","DaviJa06"
14043,"Dallin Leavitt","00-0034726","GBP","LeavDa00"
14045,"Chris Lacy","00-0034593","LVR",NA
14060,"Tyree Jackson","00-0035356","PHI","JackTy01"
14065,"Brett Rypien","00-0034955","LAR","RypiBr00"
14070,"David Blough","00-0035040","ARI","BlouDa00"
14084,"Elijah Holyfield","00-0035442","FA","HolyEl00"
14096,"Devine Ozigbo","00-0035184","DET","OzigDe01"
14108,"Greg Dortch","00-0035500","ARI","DortGr01"
14110,"David Sills","00-0035359","NYG","SillDa01"
14130,"Antoine Wesley","00-0035126","FA","WeslAn01"
14319,"Andrew Beck","00-0034959","HOU","BeckAn01"
14321,"Cody Thompson","00-0035164","SEA","ThomCo04"
14322,"TJ Edwards","00-0035386","CHI","EdwaTJ02"
14328,"Andrew Wingard","00-0035378","JAC","WingAn01"
14357,"Kendall Blanton","00-0035603","KCC","BlanKe01"
14358,"Jake Browning","00-0035100","CIN","BrowJa08"
14363,"Kevin Rader","00-0034193","TEN","RadeKe00"
14368,"Austin Walter","00-0035187","LVR","WaltAu00"
14370,"Tanner Hudson","00-0034613","CIN","HudsTa00"
14377,"Abdullah Anderson","00-0034587","WAS","AndeAb00"
14378,"Jalen Dalton","00-0035179","FA","DaltJa00"
14379,"Josh Woods","00-0034801","ARI","WoodJo02"
14384,"Malik Reed","00-0034954","MIA","ReedMa01"
14400,"Jonathan Ledbetter","00-0035343","ARI","LedbJo01"
14401,"Sam Eguavoen","00-0034902","NYJ","EguaSa00"
14405,"Carl Granderson","00-0035402","NOS","GranCa01"
14411,"Tevaughn Campbell","00-0034903","JAC","CampTe00"
14412,"Alex Singleton","00-0031898","DEN","SingAl00"
14414,"Jonathan Owens","00-0034485","GBP","OwenJo01"
14420,"Alec Ingold","00-0035125","MIA","IngoAl01"
14434,"Jeremy Reaves","00-0034465","WAS","ReavJe00"
14435,"Reggie Bonnafon","00-0034578","FA","BonnRe00"
14452,"Chris Lammons","00-0034145","IND","LammCh00"
14467,"DelShawn Phillips","00-0035202","BAL","PhilDe00"
14472,"Tyrel Dodson","00-0035352","BUF","DodsTy01"
14494,"Andrew Dowell","00-0035412","NOS","DoweAn00"
14495,"Luke Gifford","00-0035413","TEN","GiffLu00"
14503,"Tom Kennedy","00-0035544","FA","KennTo01"
14506,"Anthony Pittman","00-0035330","DET","PittAn01"
14509,"Curtis Bolton","00-0035076","LVR","BoltCu00"
14518,"Jalen Thompson","00-0035705","ARI","ThomJa04"
14519,"Jordan Kunaszyk","00-0035444","CLE","KunaJo00"
14535,"Amani Bledsoe","00-0035513","FA","BledAm01"
14543,"Darius Harris","00-0035157","LVR","HarrDa07"
14545,"Jason Moore","00-0035432","FA","MoorJa02"
14551,"Trenton Irwin","00-0035341","CIN","IrwiTr00"
14552,"Khari Blasingame","00-0035099","CHI","BlasKh00"
14590,"Azeez Al-Shaair","00-0035166","TEN","AlShAz00"
14595,"Kevin Strong","00-0035334","ARI","StroKe00"
14612,"Patrick Laird","00-0035342","TBB","LairPa00"
14624,"Micah Abernathy","00-0035098","ATL","AberMi00"
14652,"Kevin Givens","00-0035026","SFO","GiveKe01"
14653,"Isaiah Mack","00-0035519","FA","MackIs00"
14669,"Keisean Nixon","00-0035133","GBP","NixoKe00"
14670,"Daniel Ekuale","00-0034251","NEP","EkuaDa00"
14671,"CJ Moore","00-0035327","FA","MoorCJ01"
14672,"Troy Reeder","00-0035617","MIN","ReedTr01"
14675,"Shy Tuttle","00-0035409","CAR","TuttSh00"
14676,"Kyle Phillips","00-0035507","NOS","PhilKy00"
14680,"Bryan Mone","00-0035094","SEA","MoneBr00"
14681,"Demone Harris","00-0034612","FA","HarrDe06"
14702,"Roderic Teamer","00-0035437","LVR","TeamRo00"
14716,"Jonathan Harris","00-0035073","DEN","HarrJo05"
14722,"Nik Needham","00-0035346","MIA","NeedNi00"
14727,"Craig Reynolds","00-0035567","DET","ReynCr00"
14738,"Anthony Rush","00-0035390","FA","RushAn00"
14752,"Jesper Horsted","00-0035562","LVR","HorsJe00"
14789,"Tyler Huntley","00-0035993","BAL","HuntTy01"
14792,"Bryce Perkins","00-0035939","FA","PerkBr02"
14812,"Darius Anderson","00-0036027","FA","AndeDa03"
14817,"Patrick Taylor","00-0035973","GBP","TaylPa01"
14818,"Xavier Jones","00-0036078","FA","JoneXa00"
14823,"Rico Dowdle","00-0036139","DAL","DowdRi01"
14854,"Binjimen Victor","00-0035819","FA","VictBi01"
14869,"Thaddeus Moss","00-0036023","FA","MossTh01"
14872,"Jared Pinkney","00-0035787","CHI","PinkJa02"
14874,"Hunter Bryant","00-0036008","FA","BryaHu02"
15035,"John Wolford","00-0034899","TBB","WolfJo00"
15041,"Lawrence Cager","00-0036145","NYG","CageLa01"
15046,"Kirk Merritt","00-0035844","NOS","MerrKi00"
15049,"Joe Bachie","00-0035895","CIN","BachJo01"
15054,"Giovanni Ricci","00-0035956","CAR","RiccGi00"
15057,"Dan Chisena","00-0035976","PIT","ChisDa00"
15060,"Chris Streveler","00-0035752","NYJ","StreCh00"
15066,"Eli Wolf","00-0036129","FA","WolfEl00"
15076,"Christian Rozeboom","00-0035942","LAR","RozeCh00"
15079,"Essang Bassey","00-0035862","DEN","BassEs01"
15080,"Noah Togiai","00-0036005","ARI","TogiNo00"
15081,"Tershawn Wharton","00-0035890","KCC","WharTe00"
15082,"Krys Barnes","00-0035961","ARI","BarnKr00"
15089,"Malcolm Roach","00-0035763","NOS","RoacMa01"
15093,"Marquise Copeland","00-0035607","LAR","CopeMa01"
15094,"PJ Locke","00-0035227","DEN","LockPJ00"
15097,"Sean McKeon","00-0036032","DAL","McKeSe01"
15103,"Reggie Gilliam","00-0036187","BUF","GillRe00"
15114,"Myles Hartsfield","00-0035950","SFO","HartMy00"
15117,"Demetrius Flannigan-Fowles","00-0035020","SFO","FlanDe00"
15121,"Bryce Huff","00-0036151","NYJ","HuffBr00"
15124,"James Pierre","00-0035795","PIT","PierJa01"
15125,"Lamar Jackson","00-0036152","KCC","JackLa02"
15130,"Juju Hughes","00-0036077","ARI","HughJu00"
15132,"Kendal Vickers","00-0034125","BUF","VickKe00"
15137,"Grayland Arnold","00-0035995","HOU","ArnoGr01"
15140,"Cam Lewis","00-0035357","BUF","LewiCa00"
15142,"Tyler Hall","00-0035783","LVR","HallTy01"
15147,"Javelin Guidry","00-0036149","NYJ","GuidJa01"
15148,"Sam Franklin","00-0036037","CAR","FranSa00"
15151,"Kristian Welch","00-0036157","BAL","WelcKr00"
15159,"Henry Mondeaux","00-0034318","JAC","MondHe00"
15165,"Benito Jones","00-0035841","DET","JoneBe03"
15168,"Michael Jacquet","00-0035998","LAC","JacqMi00"
15173,"Teair Tart","00-0036181","TEN","TartTe00"
15176,"Jace Whittaker","00-0036043","WAS","WhitJa05"
15177,"Myles Bryant","00-0036087","NEP","BryaMy01"
15191,"Bobby Price","00-0036011","ARI","PricBo00"
15203,"Blake Lynch","00-0035984","LAC","LyncBl00"
15206,"JaMarcus Bradley","00-0036110","PIT","BradJa01"
15212,"Joe Gaziano","00-0035903","ATL","GaziJo01"
15220,"Antonio Williams","00-0036188","FA","WillAn03"
15225,"Elijah Riley","00-0036002","PIT","RileEl01"
15229,"AJ Green","00-0036114","CLE","GreeAJ00"
15244,"Feleipe Franks","00-0036825","ATL","FranFe00"
15248,"Shane Buechele","00-0036679","KCC","BuecSh00"
15268,"Javian Hawkins","00-0036827","FA","HawkJa01"
15277,"Deon Jackson","00-0036493","IND","JackDe02"
15324,"Austin Watkins","00-0036676","FA","WatkAu00"
15325,"Cade Johnson","00-0036810","SEA","JohnCa03"
15339,"Kenny Yeboah","00-0036510","NYJ","YeboKe00"
15341,"Quintin Morris","00-0036590","BUF","MorrQu00"
15343,"Zach Davidson","00-0036640","BUF","DaviZa00"
15371,"Myles Adams","00-0035946","SEA","AdamMy00"
15374,"Sammis Reyes","00-0036474","JAC","ReyeSa00"
15405,"Brandon Stephens","00-0036987","BAL","StepBr01"
15408,"Cameron Sample","00-0036850","CIN","SampCa00"
15414,"Kene Nwangwu","00-0036842","MIN","NwanKe00"
15417,"Zech McPhearson","00-0036917","PHI","McPhZe00"
15441,"Nate Hobbs","00-0036871","LVR","HobbNa00"
15448,"Jason Pinnock","00-0036502","NYG","PinnJa01"
15451,"Shemar Jean-Charles","00-0036645","GBP","JeanSh00"
15456,"Nick Niemann","00-0036648","LAC","NiemNi00"
15460,"Quinton Bohanna","00-0036649","DAL","BohaQu00"
15461,"Roy Lopez","00-0036568","HOU","LopeRo00"
15464,"Brandin Echols","00-0036504","NYJ","EchoBr00"
15467,"Jalen Camp","00-0036858","HOU","CampJa03"
15479,"Phil Hoskins","00-0036576","KCC","HoskPh00"
15488,"Gerrid Doaks","00-0036578","HOU","DoakGe00"
15491,"Ben Skowronek","00-0036862","LAR","SkowBe00"
15497,"Kawaan Baker","00-0036939","NOS","BakeKa00"
15498,"Grant Stuard","00-0036672","IND","StuaGr00"
15503,"Nate McCrary","00-0036582","GBP","McCrNa00"
15504,"Blake Proehl","00-0036818","MIN","ProeBl00"
15505,"Caleb Huntley","00-0036829","FA","HuntCa02"
15506,"Matt Bushman","00-0036519","FA","BushMa00"
15510,"ArDarius Washington","00-0036587","BAL","WashAr00"
15512,"Marvin Wilson","00-0036689","FA","WilsMa05"
15515,"Charles Snowden","00-0036711","TBB","SnowCh00"
15521,"Amen Ogbongbemiga","00-0036716","LAC","OgboAm00"
15528,"Kristian Wilkerson","00-0036183","LVR","WilkKr00"
15529,"Easop Winston","00-0036080","SEA","WinsEa00"
15533,"Derrick Gore","00-0035715","WAS","GoreDe00"
15534,"Miller Forristall","00-0036692","CLE","ForrMi00"
15535,"Mason Kinsey","00-0036176","TEN","KinsMa00"
15536,"DiCaprio Bootle","00-0036678","KCC","BootDi00"
15538,"Jon Rhattigan","00-0036802","SEA","RhatJo00"
15542,"Nick Bowers","00-0036083","CIN","BoweNi00"
15543,"Jonas Griffith","00-0035804","DEN","GrifJo01"
15546,"AJ Parker","00-0036752","FA","ParkAJ00"
15549,"Jerry Jacobs","00-0036748","DET","JacoJe00"
15559,"Jonah Williams","00-0035944","LAR","WillJo16"
15561,"Jamir Jones","00-0036068","FA","JoneJa11"
15563,"Mitchell Wilcox","00-0035771","CIN","WilcMi01"
15564,"Parker Hesse","00-0035572","ATL","HessPa00"
15565,"Michael Hoecht","00-0035933","LAR","HoecMi00"
15580,"Aaron Patrick","00-0036465","DEN","PatrAa00"
15586,"Caleb Johnson","00-0036704","JAC","JohnCa04"
15588,"Tory Carter","00-0036691","FA","CartTo01"
15589,"Cody White","00-0035891","PIT","WhitCo05"
15595,"Elijah Campbell","00-0034248","MIA","CampEl00"
15604,"Shane Zylstra","00-0036534","DET","ZylsSh00"
15608,"LaDarius Hamilton","00-0036030","FA","HamiLa01"
15612,"Sam Kamara","00-0036705","CLE","KamaSa00"
15614,"Nick McCloud","00-0036589","NYG","McClNi00"
15618,"Naquan Jones","00-0036695","TEN","JoneNa01"
15620,"Chris Myarick","00-0035345","NYG","MyarCh00"
15621,"Breiden Fehoko","00-0035927","PIT","FehoBr01"
15626,"Brock Wright","00-0036754","DET","WrigBr01"
15629,"Josiah Bronson","00-0036537","MIA","BronJo01"
15644,"Jake Gervase","00-0035609","FA","GervJa00"
15650,"Adam Prentice","00-0036727","NOS","PrenAd00"
15671,"Michael Bandy","00-0036959","DEN","BandMi00"
15673,"Michael Dwumfour","00-0036507","CLE","DwumMi00"
15681,"Christian Elliss","00-0036813","PHI","ElliCh00"
15683,"CJ Saunders","00-0036910","CAR","SaunCJ00"
15691,"Matt Corral","00-0038132","CAR","CorrMa00"
15692,"Kenny Pickett","00-0038102","PIT","PickKe00"
15693,"Sam Howell","00-0037077","WAS","HoweSa00"
15694,"Malik Willis","00-0038128","TEN","WillMa12"
15695,"Carson Strong",NA,"FA","StroCa00"
15696,"Bailey Zappe","00-0038108","NEP","ZappBa00"
15697,"Desmond Ridder","00-0038122","ATL","RiddDe00"
15698,"Brock Purdy","00-0037834","SFO","PurdBr00"
15699,"Skylar Thompson","00-0037327","MIA","ThomSk00"
15701,"Chase Garbers","00-0037507","LVR","GarbCh00"
15702,"Tanner McKee",NA,"PHI","McKeTa01"
15705,"DEriq King",NA,"FA","KingDE02"
15707,"EJ Perry",NA,"FA","PerrEJ00"
15708,"Breece Hall","00-0038120","NYJ","HallBr03"
15709,"Isaiah Spiller","00-0038045","LAC","SpilIs00"
15710,"Kyren Williams","00-0037840","LAR","WillKy02"
15711,"Kenneth Walker","00-0038134","SEA","WalkKe00"
15712,"Tyler Allgeier","00-0037263","ATL","AllgTy00"
15713,"Jerome Ford","00-0037267","CLE","FordJe00"
15714,"Zamir White","00-0038040","LVR","WhitZa01"
15715,"James Cook","00-0037248","BUF","CookJa01"
15716,"Brian Robinson","00-0037746","WAS","RobiBr01"
15717,"Dameon Pierce","00-0037258","HOU","PierDa01"
15718,"Tyler Badie","00-0037085","DEN","BadiTy00"
15719,"Kevin Harris","00-0037286","NEP","HarrKe01"
15720,"Hassan Haskins","00-0037617","TEN","HaskHa00"
15721,"Rachaad White","00-0037256","TBB","WhitRa01"
15722,"Jerrion Ealy",NA,"KCC","EalyJe00"
15723,"Ty Chandler","00-0037276","MIN","ChanTy01"
15725,"Snoop Conner","00-0037265","JAC","ConnSn00"
15726,"Ronnie Rivers","00-0037557","LAR","RiveRo01"
15727,"Zonovan Knight","00-0037157","NYJ","KnigZo00"
15728,"Abram Smith",NA,"MIN","SmitAb00"
15729,"Jashaun Corbin",NA,"NYG","CorbJa01"
15730,"Tyler Goodson","00-0037120","GBP","GoodTy00"
15731,"Master Teague",NA,"FA","TeagMa00"
15733,"Pierre Strong","00-0038098","NEP","StroPi00"
15734,"Keaontay Ingram","00-0037299","ARI","IngrKe01"
15735,"Max Borghi",NA,"FA","BorgMa00"
15736,"Kennedy Brooks",NA,"PHI","BrooKe01"
15738,"Malik Davis","00-0037563","DAL","DaviMa02"
15739,"ZaQuandre White",NA,"FA","WhitZa00"
15742,"Jaylen Warren","00-0037228","PIT","WarrJa01"
15743,"Sincere McCormick","00-0037509","LVR","McCoSi00"
15744,"Dvonte Price","00-0037400","FA","PricDV00"
15746,"Tyrion Davis-Price","00-0037827","SFO","DaviTy03"
15748,"Trestan Ebner","00-0037087","CHI","EbneTr00"
15749,"Isiah Pacheco","00-0037197","KCC","PachIs00"
15751,"Drake London","00-0037238","ATL","LondDr00"
15752,"Treylon Burks","00-0037742","TEN","BurkTr00"
15753,"Garrett Wilson","00-0037740","NYJ","WilsGa00"
15754,"Chris Olave","00-0037239","NOS","OlavCh00"
15755,"Jahan Dotson","00-0037741","WAS","DotsJa00"
15756,"Jameson Williams","00-0037240","DET","WillJa11"
15757,"WanDale Robinson","00-0038117","NYG","RobiWa01"
15758,"David Bell","00-0037257","CLE","BellDa02"
15759,"John Metchie","00-0037614","HOU","MetcJo00"
15761,"Khalil Shakir","00-0037261","BUF","ShakKh00"
15762,"George Pickens","00-0037247","PIT","PickGe00"
15763,"Justyn Ross","00-0037216","KCC","RossJu00"
15765,"Kevin Austin",NA,"JAC","AustKe00"
15766,"Skyy Moore","00-0038090","KCC","MoorSk01"
15767,"Velus Jones","00-0037745","CHI","JoneVe00"
15768,"Alec Pierce","00-0037664","IND","PierAl00"
15769,"Reggie Roberson",NA,"TEN","RobeRe00"
15771,"Tay Martin","00-0037524","SFO","MartTa00"
15772,"Britain Covey","00-0037132","PHI","CoveBr00"
15773,"Makai Polk",NA,"BAL","PolkMa00"
15774,"Dontario Drummond",NA,"DAL","DrumDo00"
15775,"Braylon Sanders","00-0037355","MIA","SandBr00"
15777,"Calvin Austin","00-0037837","PIT","AustCa00"
15779,"Romeo Doubs","00-0037816","GBP","DoubRo00"
15780,"Erik Ezukanma","00-0038092","MIA","EzukEr00"
15781,"Ty Fryfogle",NA,"KCC","FryfTy00"
15782,"Danny Gray","00-0037828","SFO","GrayDa02"
15783,"Johnny Johnson","00-0037460","HOU","JohnJo12"
15785,"Bo Melton","00-0037091","GBP","MeltBo00"
15786,"Jalen Nailor","00-0037291","MIN","NailJa00"
15787,"Tyquan Thornton","00-0038104","NEP","ThorTy00"
15788,"Jalen Tolbert","00-0037666","DAL","TolbJa00"
15789,"Christian Watson","00-0038124","GBP","WatsCh00"
15790,"Isaiah Weston","00-0037343","FA","WestIs00"
15792,"Michael Woods",NA,"CLE","WoodMi00"
15793,"Jalen Wydermyer",NA,"FA","WydeJa00"
15794,"Trey McBride","00-0037744","ARI","McBrTr01"
15795,"Charlie Kolar","00-0038046","BAL","KolaCh00"
15796,"Jeremy Ruckert","00-0037805","NYJ","RuckJe00"
15797,"Greg Dulcich","00-0037252","DEN","DulcGr00"
15798,"Isaiah Likely","00-0037838","BAL","LikeIs00"
15799,"Jake Ferguson","00-0038041","DAL","FergJa00"
15800,"Connor Heyward","00-0037304","PIT","HeywCo00"
15801,"Austin Allen",NA,"GBP","AlleAu00"
15802,"Cade Otton","00-0038129","TBB","OttoCa00"
15803,"Cole Turner","00-0037078","WAS","TurnCo00"
15804,"Grant Calcaterra","00-0037086","PHI","CalcGr00"
15805,"Aidan Hutchinson",NA,"DET","HutcAi00"
15806,"Kayvon Thibodeaux","00-0037611","NYG","ThibKa00"
15807,"David Ojabo","00-0038142","BAL","OjabDa00"
15808,"George Karlaftis",NA,"KCC","KarlGe00"
15809,"Jermaine Johnson",NA,"NYJ","JohnJe07"
15810,"Myjai Sanders","00-0037751","ARI","SandMy00"
15811,"Drake Jackson",NA,"SFO","JackDr01"
15812,"Logan Hall",NA,"TBB","HallLo00"
15813,"Kingsley Enagbare","00-0037083","GBP","EnagKi00"
15814,"Cameron Thomas",NA,"ARI","ThomCa03"
15815,"Travon Walker",NA,"JAC","WalkTr03"
15816,"Perrion Winfrey",NA,"FA","WinfPe00"
15817,"Jordan Davis",NA,"PHI","DaviJo03"
15818,"DeMarvin Leal",NA,"PIT","LealDe00"
15819,"Devonte Wyatt",NA,"GBP","WyatDe00"
15820,"Phidarian Mathis",NA,"WAS","MathPh00"
15821,"Nakobe Dean","00-0037615","PHI","DeanNa00"
15822,"Devin Lloyd","00-0037244","JAC","LloyDe00"
15823,"Christian Harris","00-0037823","HOU","HarrCh06"
15824,"Channing Tindall","00-0037813","MIA","TindCh00"
15825,"Darrian Beavers","00-0037285","NYG","BeavDa00"
15826,"Damone Clark","00-0037281","DAL","ClarDa02"
15827,"JoJo Domann","00-0037393","IND","DomaJo00"
15828,"Brandon Smith","00-0038113","CAR","SmitBr08"
15829,"Brian Asamoah","00-0037822","MIN","AsamBr00"
15830,"Chad Muma","00-0037811","JAC","MumaCh00"
15831,"Leo Chenal","00-0037819","KCC","ChenLe00"
15832,"Derek Stingley",NA,"HOU","StinDe00"
15833,"Ahmad Gardner",NA,"NYJ","GardSa00"
15834,"Kyle Hamilton",NA,"BAL","HamiKy00"
15835,"Jaquan Brisker",NA,"CHI","BrisJa01"
15836,"Daxton Hill",NA,"CIN","HillDa04"
15837,"Lewis Cine",NA,"MIN","CineLe00"
15838,"Verone McKinley",NA,"MIA","McKiVe00"
15839,"Nick Cross",NA,"IND","CrosNi00"
15840,"Jelani Woods","00-0037755","IND","WoodJe01"
15841,"Samori Toure","00-0037098","GBP","TourSa00"
15844,"Devon Allen","00-0037039","PHI","AlleDe02"
15845,"Trent McDuffie",NA,"KCC","McDuTr00"
15846,"Quay Walker","00-0037074","GBP","WalkQu00"
15847,"Kaiir Elam",NA,"BUF","ElamKa00"
15849,"Roger McCreary",NA,"TEN","McCrRo01"
15850,"Jalen Pitre",NA,"HOU","PitrJa00"
15851,"Arnold Ebiketie","00-0038116","ATL","EbikAr00"
15852,"Kyler Gordon",NA,"CHI","GordKy00"
15853,"Boye Mafe",NA,"SEA","MafeBo00"
15854,"Andrew Booth",NA,"MIN","BootAn00"
15855,"Josh Paschal",NA,"DET","PascJo00"
15856,"Alontae Taylor",NA,"NOS","TaylAl01"
15857,"Sam Williams",NA,"DAL","WillSa00"
15858,"Troy Andersen","00-0037810","ATL","AndeTr00"
15859,"Cam Taylor-Britt",NA,"CIN","TaylCa01"
15860,"Bryan Cook",NA,"KCC","CookBr02"
15861,"Nik Bonitto","00-0037249","DEN","BoniNi00"
15862,"Martin Emerson",NA,"CLE","EmerMa00"
15863,"Travis Jones",NA,"BAL","JoneTr00"
15864,"Alex Wright",NA,"CLE","WrigAl01"
15865,"JT Woods",NA,"LAC","WoodJT00"
15866,"Cordale Flott",NA,"NYG","FlotCo00"
15867,"DeAngelo Malone","00-0037808","ATL","MaloDe00"
15868,"Marcus Jones",NA,"NEP","JoneMa06"
15869,"Terrel Bernard","00-0037254","BUF","BernTe00"
15870,"Zachary Carter",NA,"CIN","CartZa00"
15871,"Kerby Joseph",NA,"DET","JoseKe03"
15872,"Coby Bryant",NA,"SEA","BryaCo01"
15873,"Daniel Bellinger","00-0038115","NYG","BellDa00"
15874,"Percy Butler",NA,"WAS","ButlPe00"
15875,"Dane Belton",NA,"NYG","BeltDa00"
15876,"Damarri Mathis",NA,"DEN","MathDa00"
15877,"Eyioma Uwazurike",NA,"DEN","UwazEy00"
15878,"Micheal Clemons",NA,"NYJ","ClemMi03"
15879,"Jalyn Armour-Davis",NA,"BAL","ArmoJa00"
15880,"Akayleb Evans",NA,"MIN","EvanAk00"
15881,"Jack Jones",NA,"NEP","JoneJa10"
15883,"Neil Farrell",NA,"LVR","FarrNe00"
15885,"Joshua Williams",NA,"KCC","WillJo03"
15886,"Damarion Williams",NA,"BAL","WillDa15"
15888,"Decobie Durant",NA,"LAR","DuraDe01"
15889,"Chigoziem Okonkwo","00-0037809","TEN","OkonCh00"
15890,"Micah McFadden","00-0037259","NYG","McFaMi01"
15891,"DJ Davidson",NA,"NYG","DaviDJ00"
15892,"Thomas Booker",NA,"HOU","BookTh00"
15893,"Delarrin Turner-Yell",NA,"DEN","TurnDe02"
15894,"Tariq Woolen",NA,"SEA","WoolTa00"
15895,"Zyon McCollum",NA,"TBB","McCoZy02"
15896,"Tyreke Smith",NA,"SEA","SmitTy03"
15897,"Eric Johnson",NA,"IND","JohnEr01"
15898,"Otito Ogbonnia",NA,"LAC","OgboOt00"
15899,"DMarco Jackson","00-0037271","NOS","JackDM00"
15900,"Montrell Washington","00-0037272","DEN","WashMo00"
15901,"Kyle Philips","00-0037273","TEN","PhilKy01"
15902,"Esezi Otomewo",NA,"MIN","OtomEs00"
15903,"Tycen Anderson",NA,"CIN","AndeTy00"
15904,"DaRon Bland",NA,"DAL","BlanDa00"
15905,"Teagan Quitoriano","00-0037277","HOU","QuitTe00"
15906,"Samuel Womack",NA,"SFO","WomaSa00"
15907,"Dominique Robinson",NA,"CHI","RobiDo00"
15908,"Matthew Butler",NA,"LVR","ButlMa02"
15909,"James Mitchell","00-0037282","DET","MitcJa00"
15910,"John Ridgeway",NA,"WAS","RidgJo00"
15912,"Kyron Johnson","00-0037084","PHI","JohnKy02"
15913,"Christian Benford",NA,"BUF","BenfCh00"
15914,"Malcolm Rodriguez","00-0037289","DET","RodrMa00"
15915,"Amare Barno",NA,"CAR","BarnAm00"
15916,"Andrew Ogletree","00-0037292","IND","OgleAn00"
15917,"Devin Harper","00-0037293","DAL","HarpDe00"
15920,"Sam Roberts",NA,"NEP","RobeSa00"
15921,"Theo Jackson",NA,"MIN","JackTh00"
15922,"Matt Henningsen",NA,"DEN","HennMa01"
15923,"Quentin Lake",NA,"LAR","LakeQu00"
15924,"Derion Kendrick",NA,"LAR","KendDe00"
15925,"John FitzPatrick","00-0037306","ATL","FitzJo00"
15926,"JaSir Taylor",NA,"LAC","TaylJa04"
15928,"James Houston","00-0037310","DET","HousJa01"
15929,"Ko Kieft","00-0037311","TBB","KiefKo00"
15930,"Chance Campbell","00-0037312","TEN","CampCh02"
15931,"Kalia Davis",NA,"SFO","DaviKa01"
15932,"Tariq Castro-Fields",NA,"WAS","CastTa00"
15933,"Montaric Brown",NA,"JAC","BrowMo00"
15934,"Isaiah Thomas",NA,"CLE","ThomIs01"
15936,"Mark Robinson","00-0037316","PIT","RobiMa03"
15937,"Nick Muse","00-0037317","MIN","MuseNi00"
15938,"Tariq Carpenter",NA,"GBP","CarpTa00"
15939,"Baylon Spector","00-0037318","BUF","SpecBa00"
15940,"Faion Hicks",NA,"DEN","HickFa00"
15941,"Dareke Young","00-0037093","SEA","YounDa02"
15942,"Jonathan Ford",NA,"GBP","FordJo00"
15943,"Daniel Hardy","00-0037843","LAR","HardDa01"
15944,"Deane Leonard",NA,"LAC","LeonDe00"
15945,"Chase Lucas",NA,"DET","LucaCh01"
15946,"Rodney Thomas",NA,"IND","ThomRo07"
15947,"Christian Holmes",NA,"WAS","HolmCh00"
15949,"Kalon Barnes",NA,"MIN","BarnKa00"
15950,"Jaylen Watson",NA,"KCC","WatsJa02"
15951,"Christian Matthew",NA,"ARI","MattCh01"
15953,"Brittain Brown","00-0037329","LVR","BrowBr06"
15954,"Jeffrey Gunter",NA,"CIN","GuntJe00"
15955,"Russ Yeast",NA,"LAR","YeasRu00"
15956,"Elijah Hicks",NA,"CHI","HickEl00"
15958,"Jesse Luketa","00-0037330","ARI","LukeJe00"
15959,"Nazeeh Johnson",NA,"KCC","JohnNa01"
15960,"Zander Horvath","00-0037331","LAC","HorvZa00"
15965,"Julius Chestnut","00-0037594","TEN","ChesJu00"
15968,"Gerrit Prince","00-0037233","JAC","PrinGe00"
15970,"Lucas Krull","00-0037539","NOS","KrulLu00"
15971,"Jerreth Sterns","00-0037486","FA","SterJe00"
15972,"Jordan Mason","00-0037525","SFO","MasoJo00"
15973,"Raheem Blackshear","00-0037429","CAR","BlacRa00"
15975,"Jack Sanborn","00-0037109","CHI","SanbJa00"
15977,"Deven Thompkins","00-0037487","TBB","ThomDe07"
15981,"KaVontae Turpin","00-0037801","DAL","TurpKa00"
15982,"Darien Butler","00-0037503","LVR","ButlDa00"
15983,"Dennis Houston","00-0037570","DAL","HousDe01"
15985,"Markquese Bell",NA,"DAL","BellMa01"
15987,"Brandon Johnson","00-0037382","DEN","JohnBr23"
15988,"Shemar Bridges","00-0037174","BAL","BridSh00"
15989,"Josh Jobe",NA,"PHI","JobeJo00"
15990,"Armani Rogers","00-0037168","WAS","RogeAr00"
15991,"Tanner Conner",NA,"MIA","ConnTa00"
15993,"Lance McCutcheon","00-0037055","LAR","McCuLa01"
15994,"Sterling Weatherford","00-0037406","FA","WeatSt01"
15995,"DJ Turner","00-0036527","LVR","TurnDJ00"
15996,"Jalen Virgil","00-0037387","DEN","VirgJa00"
16000,"Peyton Hendershot","00-0037569","DAL","HendPe01"
16001,"Jared Bernhardt","00-0037580","FA","BernJa00"
16003,"Luiji Vilain","00-0037499","MIN","VilaLu00"
16004,"Luke Masterson","00-0037517","LVR","MastLu00"
16005,"Tim Jones","00-0036497","JAC","JoneTi00"
16006,"Olakunle Fatukasi","00-0037481","NEP","FatuOl00"
16007,"Kurt Hinish",NA,"HOU","HiniKu00"
16008,"Josh Ross","00-0037184","BAL","RossJo01"
16009,"Jack Gibbens","00-0037596","TEN","GibbJa00"
16012,"Dee Alford",NA,"ATL","AlfoDe00"
16013,"Nate Landman","00-0037587","ATL","LandNa00"
16014,"Tony Adams",NA,"NYJ","AdamTo03"
16015,"Kendric Pryor","00-0037422","JAC","PryoKe00"
16016,"Kader Kohou",NA,"MIA","KohoKa00"
16017,"Jake Hummel","00-0037633","LAR","HummJa00"
16018,"Reed Blankenship",NA,"PHI","BlanRe00"
16019,"Jake Hansen","00-0037457","HOU","HansJa01"
16021,"DaMarcus Mitchell",NA,"NEP","MitcDa00"
16022,"Anthony Brown","00-0037175","BAL","BrowAn06"
16023,"DAnthony Bell",NA,"CLE","BellDA03"
16024,"Timmy Horne",NA,"ATL","HornTi00"
16025,"Troy Hairston","00-0037456","HOU","HairTr00"
16026,"Jaylon Jones",NA,"CHI","JoneJa12"
16029,"Tre Avery",NA,"TEN","AverTr01"
16030,"Tomon Fox","00-0037447","NYG","FoxxTo00"
16036,"Jake Tonges","00-0037112","CHI","TongJa00"
16037,"Andre Baccellia","00-0035876","ARI","BaccAn00"
16045,"Brenden Schooler",NA,"NEP","SchoBr00"
16046,"Marquan McCall",NA,"CAR","McCaMa03"
16049,"Donovan Jeter",NA,"NYG","JeteDo00"
16050,"Raleigh Webb","00-0037185","NEP","WebbRa02"
16052,"Sam Webb",NA,"LVR","WebbSa00"
16054,"Josh Blackwell",NA,"CHI","BlacJo00"
16055,"Kingsley Jonathan",NA,"BUF","JonaKi00"
16058,"Malik Herring","00-0036682","KCC","HerrMa02"
16063,"Marcelino McCrary-Ball",NA,"SFO","McCrMa01"
16064,"Dallis Flowers",NA,"IND","FlowDa00"
16066,"Maurice Alexander","00-0037708","DET","AlexMa02"
16072,"Jack Cochrane","00-0037208","KCC","CochJa00"
16075,"Joey Blount",NA,"SEA","BlouJo00"
16077,"Sam Okuayinonu",NA,"TEN","OkuaSa00"
16080,"Rashid Shaheed","00-0037545","NOS","ShahRa00"
16087,"Ryder Anderson",NA,"NYG","AndeRy01"
16088,"DeShaan Dixon",NA,"JAC","DixoDe01"
16091,"Ben Stille",NA,"ARI","StilBe00"
16093,"Dre Miller",NA,"GBP","MillDr00"
16096,"Stanley Berryhill","00-0037581","FA","BerrSt00"
16097,"Kyric McGowan","00-0037172","WAS","McGoKy00"
16099,"Chandler Wooten","00-0037560","CAR","WootCh00"
16102,"Isaiah Pola-Mao",NA,"LVR","PolaIs00"
16113,"Stone Smartt","00-0037475","LAC","SmarSt00"
16114,"Vi Jones","00-0037153","SEA","JoneVi00"
16116,"Zyon Gilbert",NA,"NYG","GilbZy00"
16120,"Austin Trammell","00-0036841","LAR","TramAu00"
16121,"Keir Thomas","00-0037057","LAR","ThomKe04"
16122,"Nolan Turner",NA,"TBB","TurnNo00"
16125,"Daylen Baldwin","00-0038147","FA","BaldDa01"
16131,"Christopher Hinton",NA,"LAC","HintCh01"
16132,"Raheem Layne",NA,"LAC","LaynRa00"
16141,"Josh Ali",NA,"ATL","AlixJo00"
16148,"Bryce Young",NA,"CAR","YounBr01"
16149,"Will Levis",NA,"TEN","LeviWi00"
16150,"CJ Stroud",NA,"HOU","StroCJ00"
16151,"Hendon Hooker",NA,"DET","HookHe00"
16152,"Anthony Richardson",NA,"IND","RichAn03"
16153,"Stetson Bennett",NA,"LAR","BennSt00"
16154,"Jaren Hall",NA,"MIN","HallJa00"
16155,"Max Duggan",NA,"LAC","DuggMa00"
16156,"Jake Haener",NA,"NOS","HaenJa00"
16157,"Malik Cunningham",NA,"NEP","CunnMa00"
16158,"Dorian Thompson-Robinson",NA,"CLE","ThomDo02"
16159,"Aidan OConnell",NA,"LVR","OConAi00"
16160,"Clayton Tune",NA,"ARI","TuneCl00"
16161,"Bijan Robinson",NA,"ATL","RobiBi01"
16162,"Jahmyr Gibbs",NA,"DET","GibbJa01"
16163,"Zach Evans",NA,"LAR","EvanZa00"
16164,"Tank Bigsby",NA,"JAC","BigsTa00"
16165,"Tyjae Spears",NA,"TEN","SpeaTy00"
16166,"Sean Tucker",NA,"TBB","TuckSe00"
16167,"Devon Achane",NA,"MIA","AchaDe00"
16168,"Israel Abanikanda",NA,"NYJ","AbanIs00"
16169,"Zach Charbonnet",NA,"SEA","CharZa00"
16170,"Kenny McIntosh",NA,"SEA","McInKe00"
16171,"Kendre Miller",NA,"NOS","MillKe01"
16172,"Mohamed Ibrahim",NA,"DET","IbraMo00"
16173,"Eric Gray",NA,"NYG","GrayEr01"
16174,"Chris Rodriguez",NA,"WAS","RodrCh00"
16175,"Roschon Johnson",NA,"CHI","JohnRo07"
16176,"Deuce Vaughn",NA,"DAL","VaugDe00"
16177,"Travis Dye",NA,"NYJ","DyexTr01"
16178,"Keaton Mitchell",NA,"BAL","MitcKe01"
16179,"DeWayne McBride",NA,"MIN","McBrDe00"
16180,"Evan Hull",NA,"IND","HullEv00"
16181,"Chase Brown",NA,"CIN","BrowCh10"
16182,"Camerun Peoples",NA,"CAR","PeopCa00"
16183,"Jalin Hyatt",NA,"NYG","HyatJa00"
16184,"Jayden Reed",NA,"GBP","ReedJa03"
16185,"Jaxon Smith-Njigba",NA,"SEA","SmitJa06"
16186,"Jordan Addison",NA,"MIN","AddiJo00"
16187,"Josh Downs",NA,"IND","DownJo00"
16188,"Quentin Johnston",NA,"LAC","JohnQu02"
16189,"Marvin Mims",NA,"DEN","MimsMa00"
16190,"Zay Flowers",NA,"BAL","FlowZa00"
16191,"Cedric Tillman",NA,"CLE","TillCe01"
16192,"Parker Washington",NA,"JAC","WashPa01"
16193,"Kayshon Boutte",NA,"NEP","BoutKa00"
16194,"Rashee Rice",NA,"KCC","RiceRa01"
16195,"Dontayvion Wicks",NA,"GBP","WickDo00"
16196,"AT Perry",NA,"NOS","PerrAT00"
16197,"Jonathan Mingo",NA,"CAR","MingJo00"
16198,"Rakim Jarrett",NA,"TBB","JarrRa00"
16199,"Trey Palmer",NA,"TBB","PalmTr00"
16200,"Dontay Demus",NA,"BAL","DemuDo00"
16201,"Xavier Hutchinson",NA,"HOU","HutcXa00"
16202,"Ronnie Bell",NA,"SFO","BellRo01"
16203,"Charlie Jones",NA,"CIN","JoneCh11"
16204,"Nathaniel Dell",NA,"HOU","DellNa00"
16205,"Tyler Scott",NA,"CHI","ScotTy00"
16206,"Michael Wilson",NA,"ARI","WilsMi02"
16207,"Andrei Iosivas",NA,"CIN","IosiAn00"
16208,"CJ Johnson",NA,"FA",NA
16209,"Jadon Haselwood",NA,"FA","HaseJa00"
16210,"Justin Shorter",NA,"BUF","ShorJu00"
16211,"Puka Nacua",NA,"LAR","NacuPu00"
16212,"Michael Mayer",NA,"LVR","MayeMi00"
16213,"Dalton Kincaid",NA,"BUF","KincDa00"
16214,"Sam LaPorta",NA,"DET","LaPoSa01"
16215,"Luke Musgrave",NA,"GBP","MusgLu00"
16216,"Darnell Washington",NA,"PIT","WashDa03"
16217,"Cameron Latu",NA,"SFO","LatuCa01"
16218,"Payne Durham",NA,"TBB","DurhPa00"
16219,"Davis Allen",NA,"LAR","AlleDa02"
16220,"Will Mallory",NA,"IND","MallWi00"
16221,"Luke Schoonmaker",NA,"DAL","SchoLu00"
16222,"Tucker Kraft",NA,"GBP","KrafTu00"
16223,"Will Anderson",NA,"HOU","AndeWi01"
16224,"Myles Murphy",NA,"CIN","MurpMy00"
16225,"BJ Ojulari",NA,"ARI","OjulBJ00"
16226,"Tyree Wilson",NA,"LVR","WilsTy01"
16227,"Zach Harrison",NA,"ATL","HarrZa00"
16228,"Nolan Smith",NA,"PHI","SmitNo02"
16229,"Andre Carter",NA,"MIN","CartAn01"
16230,"Lukas Van Ness",NA,"GBP","VanNLu00"
16231,"Drew Sanders",NA,"DEN","SandDr00"
16232,"Mike Morris",NA,"SEA","MorrMi00"
16233,"Jalen Carter",NA,"PHI","CartJa05"
16234,"Trenton Simpson",NA,"BAL","SimpTr00"
16235,"Derick Hall",NA,"SEA","HallDe04"
16236,"Henry TooToo",NA,"HOU","TooTHe00"
16237,"Owen Pappoe",NA,"ARI","PappOw00"
16238,"Noah Sewell",NA,"CHI","SeweNo00"
16239,"Jack Campbell",NA,"DET","CampJa04"
16240,"Joey Porter",NA,"PIT","PortJo02"
16241,"Devon Witherspoon",NA,"SEA","WithDe00"
16242,"Kelee Ringo",NA,"PHI","RingKe00"
16243,"Cam Smith",NA,"MIA","SmitCa02"
16244,"Brian Branch",NA,"DET","BranBr00"
16245,"Jordan Battle",NA,"CIN","BattJo00"
16246,"Antonio Johnson",NA,"JAC","JohnAn07"
16247,"JL Skinner",NA,"DEN","SkinJL00"
16249,"Zack Kuntz",NA,"NYJ","KuntZa00"
16250,"Joseph Ngata",NA,"PHI","NgatJo01"
16251,"Christian Gonzalez",NA,"NEP","GonzCh00"
16252,"Will McDonald",NA,"NYJ","McDoWi00"
16253,"Emmanuel Forbes",NA,"WAS","ForbEm00"
16254,"Calijah Kancey",NA,"TBB","KancCa00"
16255,"Deonte Banks",NA,"NYG","BankDe00"
16256,"Bryan Bresee",NA,"NOS","BresBr00"
16257,"Felix Anudike-Uzomah",NA,"KCC","AnudFe00"
16258,"Mazi Smith",NA,"DAL","SmitMa06"
16259,"Brodric Martin",NA,"DET","MartBr00"
16260,"Isaiah Foskey",NA,"NOS","FoskIs00"
16261,"Julius Brents",NA,"IND","BrenJu00"
16262,"Keion White",NA,"NEP","WhitKe03"
16263,"Jartavius Martin",NA,"WAS","MartJa04"
16264,"Keeanu Benton",NA,"PIT","BentKe00"
16265,"Gervon Dexter",NA,"CHI","DextGe00"
16266,"Tuli Tuipulotu",NA,"LAC","TuipTu00"
16267,"Tyrique Stevenson",NA,"CHI","StevTy01"
16268,"DJ Turner",NA,"CIN","TurnDJ01"
16269,"Brenton Strange",NA,"JAC","StraBr00"
16270,"Zacch Pickens",NA,"CHI","PickZa00"
16271,"Sydney Brown",NA,"PHI","BrowSy00"
16273,"Byron Young",NA,"LVR","YounBy00"
16274,"Garrett Williams",NA,"ARI","WillGa00"
16275,"Marte Mapu",NA,"NEP","MapuMa00"
16276,"Byron Young",NA,"LAR","YounBy01"
16277,"DJ Johnson",NA,"CAR","JohnDJ00"
16278,"YaYa Diaby",NA,"TBB","DiabYa00"
16279,"Riley Moss",NA,"DEN","MossRi00"
16280,"Daiyan Henley",NA,"LAC","HenlDa00"
16281,"JiAyir Brown",NA,"SFO","BrowJi01"
16282,"Kobie Turner",NA,"LAR","TurnKo00"
16283,"DeMarvion Overshown",NA,"DAL","OverDe00"
16284,"Dorian Williams",NA,"BUF","WillDo04"
16285,"Siaki Ika",NA,"CLE","IkaxSi00"
16287,"Tre Tucker",NA,"LVR","TuckTr00"
16288,"Mekhi Blackmon",NA,"MIN","BlacMe00"
16289,"Jakorian Bennett",NA,"LVR","BennJa00"
16290,"Dylan Horton",NA,"HOU","HortDy00"
16291,"Adetomiwa Adebawore",NA,"IND","AdebAd00"
16293,"Clark Phillips",NA,"ATL","PhilCl00"
16294,"Colby Wooden",NA,"GBP","WoodCo01"
16295,"Chamarri Conner",NA,"KCC","ConnCh01"
16296,"Ventrell Miller",NA,"JAC","MillVe00"
16297,"Cameron Young",NA,"SEA","YounCa00"
16298,"Tavius Robinson",NA,"BAL","RobiTa00"
16299,"Derius Davis",NA,"LAC","DaviDe02"
16300,"Isaiah McGuire",NA,"CLE","McGuIs00"
16301,"Viliami Fehoko",NA,"DAL","FehoVi00"
16302,"Tyler Lacy",NA,"JAC","LacyTy00"
16303,"Nick Herbig",NA,"PIT","HerbNi00"
16304,"Jay Ward",NA,"MIN","WardJa00"
16305,"Yasir Abdullah",NA,"JAC","AbduYa00"
16306,"KJ Henry",NA,"WAS","HenrKJ00"
16307,"Darius Rush",NA,"IND","RushDa00"
16308,"Jaquelin Roy",NA,"MIN","RoyxJa00"
16309,"Cameron Mitchell",NA,"CLE","MitcCa01"
16310,"Jammie Robinson",NA,"CAR","RobiJa03"
16311,"Jordan Howden",NA,"NOS","HowdJo00"
16312,"Josh Whyle",NA,"TEN","WhylJo01"
16313,"Sean Clifford",NA,"GBP","ClifSe00"
16314,"SirVocea Dennis",NA,"TBB","DennSi00"
16315,"Darrell Luter",NA,"SFO","LuteDa00"
16316,"Kyu Blu Kelly",NA,"BAL","BluxKy00"
16317,"Daniel Scott",NA,"IND","ScotDa03"
16318,"Nick Hampton",NA,"LAR","HampNi00"
16319,"Terell Smith",NA,"CHI","SmitTe05"
16320,"BJ Thompson",NA,"KCC","ThomBJ00"
16321,"Christopher Smith",NA,"LVR","SmitCh04"
16322,"Robert Beal",NA,"SFO","BealRo00"
16323,"Eric Scott",NA,"DAL","ScotEr00"
16324,"Karl Brooks",NA,"GBP","BrooKa00"
16325,"KeiTrel Clark",NA,"ARI","ClarKe02"
16326,"Josh Hayes",NA,"TBB","HayeJo01"
16327,"TreVius Hodges-Tomlinson",NA,"LAR","HodgTr00"
16328,"Zaire Barnes",NA,"NYJ","BarnZa00"
16329,"Ochaun Mathis",NA,"LAR","MathOc00"
16331,"Keondre Coburn",NA,"KCC","CobuKe00"
16332,"Jose Ramirez",NA,"TBB","RamiJo00"
16333,"Elijah Higgins",NA,"MIA","HiggEl00"
16334,"Jerrick Reed",NA,"SEA","ReedJe00"
16335,"Scott Matlock",NA,"LAC","MatlSc00"
16336,"Christian Braswell",NA,"JAC","BrasCh00"
16337,"Amari Burney",NA,"LVR","BurnAm00"
16338,"Jarrick Bernard-Converse",NA,"NYJ","BernJa01"
16340,"Erick Hallett",NA,"JAC","HallEr00"
16341,"Tre Hawkins",NA,"NYG","HawkTr00"
16342,"Demario Douglas",NA,"NEP","DougDe00"
16343,"Titus Leo",NA,"IND","LeoxTi00"
16344,"Dante Stills",NA,"ARI","StilDa01"
16345,"Ameer Speed",NA,"NEP","SpeeAm00"
16346,"Dee Winters",NA,"SFO","WintDe00"
16348,"Travis Bell",NA,"CHI","BellTr01"
16349,"Antoine Green",NA,"DET","GreeAn00"
16350,"Jaylon Jones",NA,"IND","JoneJa13"
16352,"DeMarcco Hellams",NA,"ATL","HellDe00"
16353,"Raymond Vohasek",NA,"JAC","VohaRa00"
16354,"Colton Dowell",NA,"TEN","DoweCo00"
16355,"Nesta Jade Silvera",NA,"LVR","JadeNe00"
16356,"Carrington Valentine",NA,"GBP","ValeCa00"
16357,"Andre Jones",NA,"WAS","JoneAn02"
16358,"Jason Taylor",NA,"LAR","TaylJa05"
16359,"Lew Nichols",NA,"GBP","NichLe00"
16360,"Derek Parish",NA,"JAC","PariDe00"
16361,"Cory Trice",NA,"PIT","TricCo00"
16362,"Anthony Johnson",NA,"GBP","JohnAn08"
16363,"Jordon Riley",NA,"NYG","RileJo00"
16364,"Jalen Brooks",NA,"DAL","BrooJa03"
16365,"Isaiah Bolden",NA,"NEP","BoldIs00"
16366,"DJ Ivey",NA,"CIN","IveyDJ00"
16367,"Brayden Willis",NA,"SFO","WillBr06"
16368,"Brandon Hill",NA,"HOU","HillBr03"
16369,"Moro Ojomo",NA,"PHI","OjomMo00"
16370,"Nic Jones",NA,"KCC","JoneNi00"
16371,"Alex Austin",NA,"BUF","AustAl00"
16372,"Gervarrius Owens",NA,"NYG","OwenGe00"
16373,"Jalen Graham",NA,"SFO","GrahJa02"
16374,"Grant Dubose",NA,"GBP","DuboGr00"
16375,"Kendall Williamson",NA,"CHI","WillKe07"
16376,"Desjuan Johnson",NA,"LAR","JohnDe08"
16377,"Tiyon Evans",NA,"FA","EvanTi00"
16378,"Tanner Morgan",NA,"PIT","MorgTa00"
16379,"Bryce Ford-Wheaton",NA,"NYG","FordBr00"
16380,"Deneric Prince",NA,"KCC","PrinDe00"
16382,"Isaiah Winstead",NA,"SFO",NA
16383,"Ivan Pace",NA,"MIN","PaceIv00"
16384,"Tyson Bagent",NA,"CHI",NA
16385,"Emari Demercado",NA,"ARI",NA
16386,"Xazavian Valladay",NA,"HOU","VallXa00"
16387,"Chris Brooks",NA,"MIA","BrooCh21"
16388,"Khalan Laborn",NA,"SFO","LaboKh00"
16389,"David Durden",NA,"DAL",NA
16390,"Jaleel McLaughlin",NA,"DEN",NA
16391,"Hunter Luepke",NA,"DAL","LuepHu00"
16392,"Alfonzo Graham",NA,"PIT",NA
16393,"Jake Bobo",NA,"SEA","BoboJa00"
16394,"Keytaon Thompson",NA,"FA","ThomKe06"
16395,"Jalen Moreno-Cropper",NA,"DAL","MoreJa01"
16396,"Hassan Hall",NA,"CLE",NA
16397,"Bumper Pool",NA,"CAR","PoolBu00"
16398,"Malik Flowers",NA,"FA",NA
16399,"Matt Landers",NA,"SEA",NA
16400,"Noah Gindorff",NA,"SEA","GindNo00"
16401,"Jacob Copeland",NA,"MIN","CopeJa00"
16402,"SaRodorick Thompson",NA,"SEA","ThomSa00"
16403,"Mitchell Tinsley",NA,"WAS","TinsMi00"
16404,"Garett Maag",NA,"MIN",NA
16406,"Curtis Hodges",NA,"WAS","HodgCu00"
16408,"Pokey Wilson",NA,"LAC","WilsPo00"
16409,"Elijah Dotson",NA,"LAC","DotsEl00"
16411,"Jerrod Clark",NA,"LAC","ClarJe02"
16412,"Nathan Rourke",NA,"JAC","RourNa00"
16413,"Malik Heath",NA,"GBP","HeatMa00"
16415,"DeAndre Square",NA,"LAR",NA
16416,"Xavier Gipson",NA,"NYJ","GipsXa00"
16417,"Holton Ahlers",NA,"SEA",NA
16418,"Isaiah Land",NA,"DAL","LandIs00"
16420,"Jeremy Banks",NA,"FA","BankJe00"
16422,"Nikko Remigio",NA,"KCC","RemiNi00"
16423,"Jason Brownlee",NA,"NYJ",NA
16424,"Jordan Mims",NA,"BUF","MimsJo00"
16425,"Julian Hill",NA,"MIA",NA
16426,"DAnthony Jones",NA,"CHI","JoneDA08"
16427,"Mac Hippenhammer",NA,"CIN",NA
16428,"Xavier Smith",NA,"LAR","SmitMa02"
16429,"Dylan Drummond",NA,"DET",NA
16430,"Jaray Jenkins",NA,"JAC",NA
16431,"DShawn Jamison",NA,NA,"JamiDS00"
16432,"Emanuel Wilson",NA,NA,NA
